city,country,id,latitude,longitude,temp_f,humidity,cloudiness,wind_speed,date
oda,jp,1854774.0,35.19,132.5,49.9,97.0,88.0,12.97,1553459621.0
kumylzhenskaya,ru,539221.0,49.88,42.59,31.71,94.0,0.0,6.93,1553459604.0
mana,gf,3381041.0,5.67,-53.78,81.22,66.0,88.0,4.7,1553459622.0
avarua,ck,4035715.0,-21.21,-159.78,80.6,94.0,80.0,6.93,1553457600.0
cape town,za,3369157.0,-33.93,18.42,65.79,88.0,0.0,13.87,1553459445.0
tasiilaq,gl,3424607.0,65.61,-37.64,21.2,67.0,92.0,25.28,1553457000.0
cesis,lv,460570.0,57.31,25.27,35.04,74.0,20.0,4.0,1553459439.0
domoni,km,921906.0,-12.26,44.53,85.18,100.0,88.0,6.38,1553459624.0
ribeira grande,pt,3372707.0,38.52,-28.7,59.0,72.0,20.0,8.05,1553457600.0
kapaa,us,5848280.0,22.08,-159.32,71.92,78.0,90.0,11.41,1553459605.0
vaini,to,4032243.0,-21.2,-175.2,77.0,78.0,75.0,9.17,1553457600.0
rikitea,pf,4030556.0,-23.12,-134.97,78.97,99.0,64.0,13.76,1553459621.0
moyale,et,186180.0,3.52,39.05,71.59,67.0,8.0,5.37,1553459626.0
portland,au,2152668.0,-33.35,149.98,59.05,95.0,80.0,8.99,1553459586.0
albany,au,2077963.0,-35.02,117.88,55.4,71.0,90.0,3.36,1553457600.0
aloleng,ph,1731298.0,16.13,119.78,77.08,89.0,0.0,11.18,1553459627.0
qaanaaq,gl,3831208.0,77.48,-69.36,-20.66,86.0,0.0,8.05,1553459627.0
port elizabeth,za,964420.0,-33.92,25.57,71.6,88.0,75.0,16.11,1553457600.0
huarmey,pe,3939168.0,-10.07,-78.15,75.64,63.0,36.0,3.58,1553459628.0
kavieng,pg,2094342.0,-2.57,150.8,82.12,100.0,76.0,8.61,1553459628.0
bluff,nz,2206939.0,-46.6,168.33,61.0,92.0,68.0,5.59,1553459407.0
punta arenas,cl,3874787.0,-53.16,-70.91,57.09,58.0,75.0,29.97,1553459589.0
the valley,ai,3573374.0,18.22,-63.06,80.02,65.0,40.0,17.22,1553459517.0
newport,us,5223593.0,41.49,-71.31,49.05,56.0,1.0,11.41,1553459381.0
bintulu,my,1737486.0,3.17,113.03,74.68,100.0,75.0,2.24,1553457600.0
provideniya,ru,4031574.0,64.42,-173.23,31.99,98.0,88.0,14.09,1553459618.0
busselton,au,2075265.0,-33.64,115.35,49.96,43.0,0.0,17.67,1553459552.0
tomatlan,mx,3981391.0,19.93,-105.25,88.42,33.0,0.0,4.14,1553459632.0
shache,cn,1280037.0,38.42,77.24,40.9,66.0,36.0,6.04,1553459632.0
winnemucca,us,5710360.0,40.97,-117.74,46.76,49.0,75.0,9.17,1553459530.0
vao,nc,2137773.0,-22.67,167.48,78.79,99.0,68.0,17.0,1553459634.0
caravelas,br,3466980.0,-17.73,-39.27,83.2,98.0,44.0,15.32,1553459560.0
guerrero negro,mx,4021858.0,27.97,-114.04,72.49,46.0,12.0,12.64,1553459634.0
westport,ie,2960970.0,53.8,-9.52,46.56,75.0,75.0,13.87,1553459584.0
nuevo progreso,mx,3522013.0,17.14,-95.05,89.32,54.0,0.0,8.84,1553459635.0
kaitangata,nz,2208248.0,-46.28,169.85,63.31,95.0,44.0,2.91,1553459360.0
barrow,us,4252975.0,39.51,-90.4,60.37,82.0,90.0,3.36,1553459543.0
dolores,ar,3435038.0,-36.31,-57.68,62.5,74.0,100.0,22.93,1553459414.0
hobart,au,2163355.0,-42.88,147.33,55.56,41.0,20.0,31.09,1553459596.0
vidim,ru,2013406.0,56.41,103.11,10.39,56.0,32.0,4.59,1553459636.0
ponta do sol,cv,3374346.0,17.2,-25.09,73.4,56.0,75.0,12.75,1553457600.0
okha,ru,2122614.0,53.59,142.95,20.74,92.0,88.0,12.19,1553459637.0
torbay,ca,6167817.0,47.66,-52.73,35.55,80.0,20.0,21.92,1553459466.0
broome,au,2075720.0,-17.97,122.23,78.8,94.0,40.0,4.7,1553457600.0
georgetown,sh,2411397.0,-7.93,-14.42,81.85,100.0,80.0,9.73,1553459638.0
thompson,ca,6165406.0,55.74,-97.86,21.2,31.0,20.0,9.17,1553457600.0
yellowknife,ca,6185377.0,62.45,-114.38,21.87,57.0,75.0,18.34,1553459406.0
tuktoyaktuk,ca,6170031.0,69.44,-133.03,17.6,78.0,20.0,6.93,1553457600.0
ushuaia,ar,3833367.0,-54.81,-68.31,59.0,33.0,40.0,8.05,1553457600.0
marquette,us,5000947.0,46.54,-87.4,26.37,68.0,75.0,19.46,1553459581.0
inirida,co,3671450.0,3.87,-67.92,79.96,89.0,44.0,2.46,1553459640.0
yulara,au,6355222.0,-25.24,130.99,77.0,50.0,24.0,12.75,1553457600.0
cap malheureux,mu,934649.0,-19.98,57.61,78.89,83.0,75.0,9.17,1553459639.0
bethel,us,5880568.0,60.79,-161.76,33.8,100.0,90.0,21.92,1553458560.0
san ramon,bo,3905088.0,-13.27,-64.62,82.24,79.0,75.0,6.93,1553457600.0
hermanus,za,3366880.0,-34.42,19.24,66.0,92.0,56.0,2.68,1553459445.0
margate,za,978895.0,-30.86,30.37,76.36,88.0,88.0,12.97,1553459377.0
lebu,cl,3883457.0,-37.62,-73.65,55.75,91.0,0.0,23.15,1553459643.0
mount isa,au,2065594.0,-20.73,139.49,78.8,78.0,75.0,13.87,1553457600.0
geraldton,au,2070998.0,-28.77,114.6,69.8,32.0,0.0,27.51,1553457600.0
udachnyy,ru,2014624.0,66.42,112.4,-15.35,43.0,0.0,2.46,1553459644.0
new norfolk,au,2155415.0,-42.78,147.06,55.56,41.0,20.0,31.09,1553459596.0
hilo,us,5855927.0,19.71,-155.08,69.31,83.0,90.0,8.05,1553459609.0
pisco,pe,3932145.0,-13.71,-76.2,71.6,30.0,0.0,20.8,1553457600.0
manzanillo,mx,3996663.0,19.05,-104.32,82.4,69.0,5.0,11.41,1553456760.0
jamestown,sh,3370903.0,-15.94,-5.72,76.99,100.0,32.0,17.45,1553459646.0
tevaitoa,pf,4033375.0,-16.78,-151.5,84.64,96.0,92.0,12.86,1553459646.0
husavik,is,2629833.0,66.04,-17.34,32.0,99.0,75.0,12.75,1553457600.0
cabo san lucas,mx,3985710.0,22.89,-109.91,78.8,41.0,5.0,10.29,1553459120.0
aleksandrovka,ru,558799.0,51.63,41.9,21.19,81.0,24.0,4.92,1553459647.0
ushibuka,jp,1849154.0,32.19,130.02,45.22,100.0,92.0,5.59,1553459648.0
nanortalik,gl,3421765.0,60.14,-45.24,32.89,93.0,92.0,40.71,1553459648.0
riverton,nz,2206957.0,-46.35,168.02,61.0,92.0,64.0,7.38,1553459407.0
lagoa,pt,2267254.0,37.14,-8.45,62.19,77.0,0.0,5.82,1553459533.0
humberto de campos,br,3398428.0,-2.6,-43.46,81.13,94.0,92.0,10.18,1553459649.0
olinda,br,3456160.0,-22.82,-43.41,84.43,55.0,20.0,11.41,1553459413.0
cherskiy,ru,2126199.0,68.75,161.3,-11.75,37.0,0.0,4.14,1553459650.0
svetlogorsk,ru,584051.0,53.14,59.15,26.6,86.0,20.0,2.24,1553457600.0
am timan,td,245338.0,11.04,20.28,87.7,38.0,88.0,1.79,1553459651.0
komsomolskiy,ru,1486910.0,67.55,63.78,30.64,92.0,88.0,14.99,1553459583.0
msowero,tz,152933.0,-6.53,37.2,82.4,58.0,20.0,6.93,1553454000.0
mahebourg,mu,934322.0,-20.41,57.7,78.49,83.0,75.0,9.17,1553459639.0
alofi,nu,4036284.0,-19.06,-169.92,80.6,65.0,40.0,13.87,1553457600.0
kirakira,sb,2178753.0,-10.46,161.92,82.48,100.0,92.0,6.6,1553459443.0
sayla,in,1256929.0,22.55,71.48,78.34,32.0,0.0,10.4,1553459653.0
karratha,au,6620339.0,-20.74,116.85,76.18,89.0,92.0,32.55,1553459653.0
atuona,pf,4020109.0,-9.8,-139.03,82.12,100.0,36.0,15.99,1553459653.0
puerto ayora,ec,3652764.0,-0.74,-90.35,82.09,74.0,20.0,9.17,1553459412.0
ahipara,nz,2194098.0,-35.17,173.16,68.26,86.0,0.0,6.15,1553459654.0
emerald,au,2167426.0,-23.53,148.16,70.16,88.0,8.0,3.36,1553459305.0
stony plain,ca,6157536.0,53.53,-114.0,34.54,80.0,90.0,6.93,1553459642.0
hithadhoo,mv,1282256.0,-0.6,73.08,84.37,100.0,92.0,8.61,1553459627.0
mayo,ca,6068416.0,63.59,-135.9,39.2,86.0,90.0,5.82,1553457600.0
wukari,ng,2318921.0,7.87,9.78,84.91,58.0,68.0,14.32,1553459656.0
warrington,us,5205788.0,40.25,-75.13,60.15,19.0,1.0,12.75,1553459404.0
port blair,in,1259385.0,11.67,92.75,82.21,100.0,8.0,8.39,1553459577.0
pochutla,mx,3517970.0,15.74,-96.47,88.09,49.0,20.0,7.61,1553459522.0
berlevag,no,780687.0,70.86,29.09,31.84,86.0,75.0,31.09,1553457000.0
beni suef,eg,359173.0,29.07,31.1,60.97,42.0,0.0,14.65,1553459531.0
saldanha,za,3361934.0,-33.01,17.94,64.4,82.0,0.0,9.17,1553454000.0
chuy,uy,3443061.0,-33.69,-53.46,69.25,69.0,0.0,18.68,1553459658.0
tuatapere,nz,2180815.0,-46.13,167.69,61.0,92.0,68.0,3.8,1553459407.0
wanning,cn,1791779.0,18.8,110.4,75.1,99.0,80.0,1.57,1553459659.0
mareeba,au,2158767.0,-16.99,145.42,72.19,94.0,40.0,6.93,1553459151.0
eyl,so,60019.0,7.98,49.82,76.45,100.0,88.0,6.71,1553459660.0
vila velha,br,6320062.0,-3.71,-38.6,81.79,78.0,75.0,6.93,1553459303.0
sao filipe,cv,3374210.0,14.9,-24.5,69.7,100.0,0.0,10.4,1553459660.0
mumbwa,zm,904422.0,-14.99,27.06,74.74,54.0,80.0,8.28,1553459660.0
lompoc,us,5367788.0,34.64,-120.46,65.14,63.0,1.0,11.41,1553459609.0
namatanai,pg,2090021.0,-3.66,152.44,79.69,100.0,68.0,6.15,1553459661.0
kuala terengganu,my,1734705.0,5.33,103.14,80.11,88.0,75.0,3.36,1553457600.0
kharp,ru,1503726.0,66.82,65.8,19.75,78.0,20.0,10.51,1553459662.0
castro,cl,3896218.0,-42.48,-73.76,59.0,67.0,20.0,11.41,1553457600.0
aasiaat,gl,3424901.0,68.71,-52.87,22.0,82.0,44.0,26.84,1553459662.0
iguape,br,3461465.0,-24.7,-47.56,78.34,93.0,0.0,9.62,1553459663.0
yerbogachen,ru,2012956.0,61.28,108.01,-2.66,71.0,0.0,2.57,1553459663.0
okhotsk,ru,2122605.0,59.36,143.24,14.8,86.0,36.0,4.7,1553459664.0
arraial do cabo,br,3471451.0,-22.97,-42.02,81.48,65.0,20.0,9.17,1553457600.0
onguday,ru,1496130.0,50.75,86.14,24.88,78.0,76.0,2.46,1553459665.0
narsaq,gl,3421719.0,60.91,-46.05,32.0,85.0,76.0,57.49,1553457000.0
caiaponia,br,3468234.0,-16.96,-51.81,81.4,76.0,44.0,4.7,1553459665.0
bredasdorp,za,1015776.0,-34.53,20.04,66.81,82.0,0.0,3.36,1553459412.0
whitianga,nz,2179103.0,-36.83,175.7,71.01,83.0,36.0,3.0,1553459411.0
san patricio,mx,3985168.0,19.22,-104.7,82.4,69.0,5.0,11.41,1553456760.0
makakilo city,us,5850554.0,21.35,-158.09,78.66,47.0,1.0,9.17,1553459244.0
saint george,bm,3573061.0,32.38,-64.68,63.79,48.0,40.0,11.41,1553459516.0
gayny,ru,561698.0,60.3,54.33,31.54,90.0,76.0,7.94,1553459667.0
virginia beach,us,4791259.0,36.85,-75.98,67.57,38.0,40.0,12.75,1553459426.0
pitimbu,br,3391889.0,-7.47,-34.81,84.2,74.0,20.0,11.41,1553457600.0
vallenar,cl,3868633.0,-28.58,-70.76,71.14,73.0,0.0,2.91,1553459668.0
nikolskoye,ru,546105.0,59.7,30.79,33.67,69.0,0.0,6.71,1553459478.0
saskylakh,ru,2017155.0,71.97,114.09,-16.79,48.0,56.0,2.91,1553459668.0
tessalit,ml,2449893.0,20.2,1.01,75.55,20.0,92.0,4.59,1553459640.0
axim,gh,2303611.0,4.87,-2.24,84.46,93.0,92.0,12.41,1553459669.0
camopi,gf,3382226.0,3.17,-52.33,75.37,95.0,80.0,3.24,1553459669.0
inuvik,ca,5983607.0,68.36,-133.71,23.13,54.0,40.0,4.7,1553457600.0
ancud,cl,3899695.0,-41.87,-73.83,59.0,67.0,20.0,11.41,1553457600.0
agbor,ng,2351979.0,6.26,6.15,82.75,62.0,20.0,10.29,1553459671.0
grindavik,is,3416888.0,63.84,-22.43,32.72,100.0,75.0,5.82,1553459382.0
grand gaube,mu,934479.0,-20.01,57.66,78.87,83.0,75.0,9.17,1553459639.0
wad rawah,sd,364071.0,15.16,33.13,82.03,19.0,0.0,13.65,1553459672.0
marsa matruh,eg,352733.0,31.35,27.25,59.0,58.0,0.0,16.11,1553454000.0
norman wells,ca,6089245.0,65.28,-126.83,28.4,63.0,90.0,9.17,1553457600.0
waingapu,id,1622318.0,-9.65,120.26,77.17,93.0,64.0,7.72,1553459444.0
sociedad,sv,3583111.0,13.7,-88.01,95.0,39.0,0.0,9.17,1553457000.0
katsuura,jp,1865309.0,33.93,134.5,39.2,80.0,75.0,11.41,1553457600.0
hamilton,us,5655959.0,46.25,-114.15,50.65,59.0,88.0,1.01,1553459567.0
mountain home,us,5601615.0,43.13,-115.69,45.25,100.0,90.0,10.29,1553459466.0
nemuro,jp,2128975.0,43.32,145.57,29.74,100.0,0.0,12.86,1553459661.0
atar,mr,2381334.0,20.52,-13.05,66.28,33.0,0.0,2.8,1553459675.0
kloulklubed,pw,7671223.0,7.04,134.26,73.4,94.0,75.0,3.36,1553457000.0
cururupu,br,3401148.0,-1.82,-44.87,78.79,88.0,92.0,6.15,1553459676.0
carberry,ca,5916706.0,49.87,-99.36,23.0,53.0,40.0,18.34,1553457600.0
coquimbo,cl,3893629.0,-29.95,-71.34,60.8,82.0,75.0,11.41,1553457600.0
mayumba,ga,2399001.0,-3.44,10.65,80.68,97.0,88.0,7.27,1553459677.0
fort nelson,ca,5955902.0,58.81,-122.69,46.4,52.0,20.0,8.05,1553457600.0
upernavik,gl,3418910.0,72.79,-56.15,1.12,100.0,0.0,26.17,1553459678.0
fort wellington,gy,3378690.0,6.4,-57.6,80.95,93.0,0.0,14.2,1553459678.0
srednekolymsk,ru,2121025.0,67.46,153.71,-2.93,85.0,36.0,3.36,1553459678.0
carnarvon,au,2074865.0,-24.87,113.63,78.8,65.0,0.0,9.17,1553457600.0
sao joao da barra,br,3448903.0,-21.64,-41.05,80.6,69.0,40.0,6.93,1553457600.0
pedregal,pa,3703229.0,8.37,-82.43,79.66,52.0,20.0,10.29,1553459398.0
bitkine,td,2435124.0,11.98,18.21,79.15,32.0,12.0,6.93,1553459680.0
bongaree,au,2174933.0,-27.08,153.16,71.47,94.0,20.0,5.82,1553459449.0
taoudenni,ml,2450173.0,22.68,-3.98,74.65,27.0,64.0,1.57,1553459468.0
los llanos de aridane,es,2514651.0,28.66,-17.92,59.49,59.0,75.0,2.24,1553459402.0
mount gambier,au,2156643.0,-37.83,140.78,51.8,62.0,40.0,20.8,1553458740.0
rio gallegos,ar,3838859.0,-51.62,-69.22,66.2,42.0,40.0,10.29,1553457600.0
saint-augustin,ca,6138501.0,45.63,-73.98,35.62,80.0,90.0,6.93,1553459626.0
praia,cv,3374333.0,14.92,-23.51,71.6,56.0,20.0,13.87,1553457600.0
leningradskiy,ru,2123814.0,69.38,178.42,0.4,94.0,56.0,7.05,1553459634.0
buala,sb,2109528.0,-8.15,159.59,83.02,88.0,76.0,6.15,1553459683.0
luderitz,na,3355672.0,-26.65,15.16,60.7,91.0,36.0,13.76,1553459532.0
panguipulli,cl,3877348.0,-39.64,-72.33,72.36,43.0,0.0,9.17,1553459548.0
reo,bf,2356228.0,12.32,-2.47,83.2,28.0,8.0,6.38,1553459684.0
atherton,au,2177541.0,-17.27,145.48,72.32,94.0,40.0,6.93,1553459594.0
poum,nc,2138555.0,-20.23,164.02,80.14,100.0,24.0,11.41,1553459684.0
tiksi,ru,2015306.0,71.64,128.87,-14.36,43.0,32.0,2.68,1553459587.0
usinsk,ru,863061.0,66.0,57.56,32.98,90.0,88.0,13.87,1553459685.0
kieta,pg,2094027.0,-6.22,155.63,78.88,100.0,12.0,4.03,1553459685.0
esperance,au,2071860.0,-33.86,121.89,57.2,62.0,90.0,6.93,1553457600.0
ozernovskiy,ru,2122293.0,51.5,156.52,24.25,91.0,88.0,9.95,1553459686.0
kokopo,pg,2093685.0,-4.34,152.27,77.17,100.0,56.0,0.22,1553459686.0
mar del plata,ar,3863379.0,-46.43,-67.52,64.84,57.0,12.0,7.61,1553459687.0
mehamn,no,778707.0,71.03,27.85,33.8,86.0,75.0,31.09,1553457000.0
amapa,br,3401225.0,-1.83,-56.23,80.05,92.0,24.0,3.91,1553459688.0
doha,qa,290030.0,25.29,51.53,72.77,78.0,0.0,17.22,1553457600.0
gulu,ug,233346.0,2.77,32.3,72.04,68.0,20.0,5.26,1553459688.0
chokurdakh,ru,2126123.0,70.62,147.9,-13.01,60.0,20.0,3.13,1553459669.0
minot,us,5690532.0,48.23,-101.3,27.86,63.0,90.0,9.17,1553459451.0
nhulunbuy,au,2064735.0,-12.18,136.78,80.6,88.0,68.0,4.7,1553457600.0
najran,sa,103630.0,17.54,44.22,77.0,29.0,0.0,4.7,1553457600.0
souillac,mu,933995.0,-20.52,57.52,78.49,83.0,75.0,9.17,1553459639.0
santo tomas,pe,3696183.0,-3.8,-73.34,42.8,319.0,75.0,4.7,1553457600.0
yuancheng,cn,1786110.0,36.65,107.79,21.37,62.0,48.0,2.91,1553459691.0
kropotkin,ru,540761.0,45.43,40.58,32.0,81.0,0.0,9.62,1553459417.0
la rioja,ar,3848950.0,-29.41,-66.86,77.17,64.0,20.0,4.25,1553459691.0
saint-philippe,re,935215.0,-21.36,55.77,77.14,74.0,40.0,2.24,1553459507.0
roma,au,2151187.0,-26.57,148.79,70.6,66.0,36.0,11.07,1553459692.0
gold coast,au,2165087.0,-28.0,153.41,72.41,94.0,12.0,11.41,1553459599.0
dikson,ru,1507390.0,73.51,80.55,22.18,94.0,80.0,36.57,1553459693.0
pevek,ru,2122090.0,69.7,170.27,-6.35,86.0,32.0,10.4,1553459632.0
butaritari,ki,2110227.0,3.07,172.79,82.75,100.0,76.0,8.39,1553459547.0
mizan teferi,et,330534.0,6.99,35.58,66.64,76.0,76.0,4.59,1553459694.0
kavaratti,in,1267390.0,10.57,72.64,83.47,100.0,0.0,2.8,1553459694.0
teguldet,ru,1489822.0,57.31,88.17,26.5,92.0,56.0,3.91,1553459694.0
zhigansk,ru,2012530.0,66.77,123.37,-4.91,81.0,0.0,6.38,1553459695.0
shubarshi,kz,608270.0,48.59,57.19,43.96,77.0,56.0,14.2,1553459695.0
isla mujeres,mx,3526756.0,21.23,-86.73,80.29,65.0,75.0,4.7,1553459584.0
kulhudhuffushi,mv,1337613.0,6.62,73.07,83.83,100.0,0.0,9.73,1553459695.0
carbonear,ca,5916722.0,47.73,-53.24,35.31,80.0,20.0,21.92,1553459612.0
paciran,id,1633442.0,-6.9,112.33,73.48,96.0,32.0,3.24,1553459696.0
port alfred,za,964432.0,-33.59,26.89,71.01,95.0,80.0,5.01,1553459504.0
yarada,in,1252783.0,17.65,83.27,78.8,83.0,20.0,2.24,1553457600.0
haines junction,ca,5969025.0,60.75,-137.51,39.64,50.0,0.0,3.02,1553459697.0
bileca,ba,3204161.0,42.87,18.43,52.63,66.0,0.0,4.7,1553459400.0
split,hr,3190261.0,43.51,16.44,51.48,66.0,0.0,3.36,1553459465.0
necochea,ar,3430443.0,-38.55,-58.74,56.71,80.0,92.0,8.99,1553459214.0
wuning,cn,7071576.0,29.26,120.23,47.02,99.0,92.0,2.91,1553459698.0
graciano sanchez,mx,3527413.0,23.92,-99.28,89.6,35.0,5.0,16.11,1553456400.0
punta alta,ar,3429886.0,-27.46,-55.82,84.83,40.0,20.0,6.93,1553457600.0
talnakh,ru,1490256.0,69.49,88.39,14.71,86.0,88.0,8.16,1553459699.0
bauchi,ng,2347470.0,10.31,9.85,74.29,56.0,56.0,2.57,1553459700.0
abalak,ne,2448245.0,15.46,6.28,82.48,21.0,44.0,11.07,1553459700.0
east london,za,1006984.0,-33.02,27.91,68.0,88.0,0.0,9.17,1553454000.0
ninh binh,vn,1571968.0,20.25,105.97,65.11,100.0,92.0,3.91,1553459701.0
fortuna,us,5563839.0,40.6,-124.16,58.77,100.0,1.0,18.34,1553459622.0
prieska,za,964090.0,-29.67,22.74,69.88,26.0,0.0,6.93,1553459702.0
bambous virieux,mu,1106677.0,-20.34,57.76,78.57,83.0,75.0,9.17,1553459639.0
alice springs,au,2077895.0,-23.7,133.88,75.2,78.0,40.0,12.75,1553457600.0
buraydah,sa,107304.0,26.33,43.97,80.6,34.0,56.0,9.17,1553457600.0
kodiak,us,4407665.0,39.95,-94.76,53.76,100.0,90.0,6.93,1553459625.0
alta floresta,br,6316343.0,-9.87,-56.08,79.06,92.0,44.0,1.79,1553459704.0
bar harbor,us,4957320.0,44.39,-68.2,46.9,34.0,1.0,5.82,1553459703.0
talaya,ru,1485724.0,55.79,84.89,30.9,74.0,0.0,4.47,1553459427.0
nouakchott,mr,2377450.0,18.08,-15.98,66.2,77.0,0.0,19.46,1553457600.0
nha trang,vn,1572151.0,12.24,109.19,78.8,88.0,20.0,5.82,1553457600.0
acajutla,sv,3587498.0,13.59,-89.83,86.0,28.0,0.0,1.99,1553459417.0
jatiroto,id,1631992.0,-6.89,111.01,73.57,100.0,92.0,4.92,1553459706.0
jining,cn,1805518.0,35.41,116.58,53.01,32.0,64.0,1.01,1553459498.0
nishihara,jp,1850144.0,35.74,139.53,40.03,64.0,90.0,4.7,1553459703.0
victoria,sc,241131.0,-4.62,55.45,82.4,83.0,40.0,4.7,1553457600.0
ha tinh,vn,1581047.0,18.33,105.9,71.23,100.0,92.0,10.63,1553459708.0
mananjary,mg,1056151.0,-19.16,46.8,62.86,97.0,92.0,2.91,1553459708.0
boende,cd,218680.0,-0.28,20.88,76.09,90.0,48.0,2.35,1553459709.0
maldonado,uy,3441894.0,-34.91,-54.96,66.2,63.0,75.0,23.04,1553457600.0
severo-kurilsk,ru,2121385.0,50.68,156.12,25.78,100.0,36.0,13.76,1553459630.0
aripuana,br,3665202.0,-9.17,-60.63,82.03,85.0,12.0,2.68,1553459482.0
fethiye,tr,314967.0,36.62,29.12,53.17,26.0,0.0,23.04,1553458546.0
sur,om,286245.0,22.57,59.53,71.86,100.0,24.0,12.97,1553459637.0
freeport,us,4893171.0,42.3,-89.62,45.54,93.0,90.0,6.04,1553459414.0
maneadero,mx,3996737.0,31.72,-116.57,67.77,76.0,20.0,5.01,1553459379.0
salalah,om,286621.0,17.01,54.1,78.8,78.0,20.0,8.05,1553457000.0
vila franca do campo,pt,3372472.0,37.72,-25.43,56.93,77.0,20.0,8.05,1553459635.0
abha,sa,110690.0,18.22,42.5,65.34,68.0,0.0,4.7,1553457600.0
kutum,sd,371745.0,14.2,24.66,73.3,19.0,0.0,11.07,1553459712.0
kahului,us,5847411.0,20.89,-156.47,73.98,61.0,75.0,18.34,1553459561.0
trinidad,co,3666719.0,5.41,-71.66,92.29,44.0,0.0,7.83,1553459713.0
piranhas,br,3403344.0,-9.61,-37.76,91.4,49.0,20.0,3.36,1553454000.0
honningsvag,no,779554.0,70.98,25.97,29.38,97.0,76.0,20.36,1553459713.0
san isidro,ph,1689750.0,11.41,124.35,78.97,97.0,0.0,14.76,1553459714.0
ostrovnoy,ru,556268.0,68.05,39.51,30.64,90.0,88.0,14.2,1553459714.0
nekrasovka,ru,2019388.0,48.35,135.23,17.6,61.0,0.0,4.47,1553457600.0
kaniama,cd,214389.0,-7.57,24.18,68.98,96.0,32.0,2.68,1553459715.0
beringovskiy,ru,2126710.0,63.05,179.32,28.57,91.0,12.0,5.48,1553459715.0
santa rosalia,mx,3991622.0,28.71,-111.6,85.68,12.0,5.0,4.7,1553459597.0
porto walter,br,3662761.0,-8.27,-72.74,89.68,57.0,8.0,2.91,1553459716.0
thinadhoo,mv,1337610.0,0.53,72.93,83.65,100.0,92.0,8.84,1553459476.0
kazanskaya,ru,551439.0,45.41,40.44,32.0,81.0,0.0,9.62,1553459417.0
paamiut,gl,3421193.0,61.99,-49.67,37.57,77.0,48.0,37.13,1553459717.0
havre-saint-pierre,ca,5972291.0,50.23,-63.6,28.4,36.0,40.0,27.51,1553457600.0
przasnysz,pl,761218.0,53.02,20.88,40.32,64.0,0.0,2.24,1553459580.0
longyearbyen,sj,2729907.0,78.22,15.64,8.6,71.0,20.0,9.17,1553457000.0
cockburn town,tc,3576994.0,21.46,-71.14,78.97,97.0,0.0,16.89,1553459718.0
vila do maio,cv,3374120.0,15.13,-23.22,71.6,56.0,20.0,13.87,1553457600.0
pathein,mm,1328421.0,16.78,94.73,73.39,93.0,8.0,6.71,1553459719.0
saint-pierre,pm,3424934.0,46.77,-56.17,33.31,69.0,40.0,34.45,1553457600.0
tuy hoa,vn,1563281.0,13.08,109.3,76.18,90.0,88.0,4.92,1553459720.0
denpasar,id,1645528.0,-8.65,115.22,77.0,94.0,75.0,3.36,1553457600.0
kautokeino,no,779330.0,69.01,23.04,22.36,77.0,12.0,9.17,1553459720.0
coahuayana,mx,3981460.0,18.62,-100.35,89.23,20.0,0.0,3.02,1553459721.0
arman,ru,2127060.0,59.7,150.17,-4.1,61.0,8.0,3.58,1553459721.0
gusau,ng,2339937.0,12.17,6.66,75.46,30.0,0.0,6.6,1553459722.0
tautira,pf,4033557.0,-17.73,-149.15,87.37,70.0,75.0,3.36,1553459585.0
glendive,us,5654391.0,47.11,-104.71,36.37,86.0,90.0,13.87,1553458500.0
aswan,eg,359792.0,24.09,32.9,70.06,34.0,88.0,9.28,1553459723.0
faanui,pf,4034551.0,-16.48,-151.75,85.72,96.0,44.0,14.54,1553459501.0
nerchinskiy zavod,ru,2019323.0,51.31,119.61,11.74,40.0,0.0,9.62,1553459723.0
labuhan,id,1641899.0,-2.54,115.51,73.3,95.0,20.0,1.23,1553459724.0
sandovo,ru,498856.0,58.46,36.41,30.91,94.0,44.0,8.61,1553459724.0
chapais,ca,5919850.0,49.78,-74.86,10.4,30.0,1.0,11.41,1553457600.0
kawalu,id,1640902.0,-7.38,108.21,65.29,92.0,48.0,1.57,1553459725.0
teya,ru,1489656.0,60.37,92.63,23.08,95.0,80.0,2.46,1553459726.0
aleppo,sy,170063.0,36.2,37.17,45.31,82.0,36.0,4.92,1553459513.0
pokhara,np,1282898.0,28.21,83.99,52.6,67.0,0.0,4.25,1553459726.0
visby,se,2662689.0,57.64,18.3,39.06,84.0,0.0,11.41,1553459405.0
baijiantan,cn,1529626.0,45.63,85.18,32.44,88.0,92.0,1.12,1553459727.0
bima,id,1648759.0,-8.45,118.73,77.26,96.0,76.0,3.36,1553459727.0
sola,vu,2134814.0,-13.88,167.55,77.44,100.0,92.0,4.92,1553459728.0
sorland,no,3137469.0,67.67,12.69,35.6,59.0,40.0,18.34,1553455200.0
belyy yar,ru,1510377.0,53.6,91.39,35.6,93.0,75.0,4.47,1553457600.0
meulaboh,id,1214488.0,4.14,96.13,76.54,100.0,0.0,4.03,1553459729.0
izumo,jp,1861084.0,35.37,132.75,42.8,70.0,75.0,4.7,1553457600.0
port lincoln,au,2063036.0,-34.72,135.86,61.42,89.0,44.0,23.49,1553459730.0
viedma,ar,3832899.0,-40.81,-62.99,60.97,52.0,20.0,13.65,1553459730.0
lincoln,ar,3846864.0,-34.87,-61.53,69.43,51.0,0.0,10.74,1553459731.0
concordia,br,3465721.0,-27.23,-52.03,80.6,51.0,20.0,14.99,1553457600.0
pandan,ph,1695555.0,11.72,122.09,79.33,100.0,8.0,18.34,1553459731.0
sept-iles,ca,6144312.0,50.2,-66.38,21.2,26.0,20.0,19.46,1553457600.0
tucumcari,us,5495360.0,35.17,-103.73,64.74,31.0,1.0,3.36,1553459417.0
takapau,nz,2181988.0,-40.02,176.35,63.0,86.0,0.0,5.01,1553457137.0
lavrentiya,ru,4031637.0,65.58,-170.99,31.81,99.0,92.0,21.03,1553459732.0
malanje,ao,2239862.0,-9.54,16.35,65.65,97.0,76.0,2.57,1553459733.0
berdigestyakh,ru,2026861.0,62.1,126.7,7.51,73.0,68.0,7.61,1553459733.0
antofagasta,cl,3899539.0,-23.65,-70.4,69.8,64.0,0.0,13.87,1553457600.0
tramore,ie,2960992.0,52.16,-7.15,46.17,81.0,12.0,13.2,1553459575.0
jishu,cn,2036418.0,44.29,126.79,24.34,74.0,0.0,10.29,1553459734.0
half moon bay,us,5354943.0,37.46,-122.43,62.11,58.0,75.0,6.93,1553459731.0
tripoli,ly,2210247.0,32.88,13.19,57.55,100.0,0.0,1.9,1553459553.0
xiaoweizhai,cn,1789945.0,26.23,107.51,40.27,96.0,88.0,2.35,1553459735.0
las vegas,us,5506956.0,36.17,-115.15,67.15,22.0,1.0,5.82,1553459521.0
alto araguaia,br,3472473.0,-17.32,-53.22,90.67,32.0,0.0,9.06,1553459735.0
vestmannaeyjar,is,3412093.0,63.44,-20.27,32.8,100.0,20.0,5.14,1553459736.0
prince george,ca,6113365.0,53.92,-122.75,47.41,56.0,1.0,4.7,1553459418.0
jacareacanga,br,3397763.0,-6.22,-57.76,84.46,76.0,76.0,2.13,1553459736.0
plouzane,fr,2986626.0,48.38,-4.62,46.81,87.0,90.0,3.36,1553459541.0
lugovoy,ru,1498919.0,59.72,65.88,25.15,91.0,24.0,8.16,1553459737.0
tura,ru,2014833.0,64.27,100.22,-0.05,72.0,32.0,2.13,1553459737.0
montepuez,mz,1037125.0,-13.13,39.0,72.49,97.0,92.0,4.14,1553459738.0
brae,gb,2654970.0,60.4,-1.35,39.97,80.0,76.0,12.75,1553457000.0
hobyo,so,57000.0,5.35,48.53,77.89,91.0,12.0,9.17,1553459739.0
coihaique,cl,3894426.0,-45.58,-72.07,61.61,48.0,0.0,3.36,1553457600.0
santa cruz de la palma,es,2511180.0,28.68,-17.76,59.25,59.0,75.0,2.24,1553459402.0
bideford,gb,2655707.0,51.02,-4.21,43.47,87.0,0.0,9.17,1553459729.0
chico,us,5336269.0,39.73,-121.84,60.53,44.0,40.0,4.7,1553459647.0
bahar,ir,142000.0,34.91,48.44,42.8,81.0,90.0,9.17,1553457600.0
padang,id,1633419.0,-0.92,100.36,75.2,94.0,40.0,2.24,1553457600.0
ilulissat,gl,3423146.0,69.22,-51.1,30.2,46.0,68.0,19.46,1553457000.0
ndele,cf,237379.0,8.41,20.65,90.85,30.0,80.0,8.72,1553459741.0
riviere-au-renard,ca,6943832.0,49.0,-64.4,33.8,31.0,20.0,25.28,1553457600.0
erenhot,cn,2037485.0,43.65,111.97,15.61,70.0,0.0,3.69,1553459742.0
mwene-ditu,cd,207570.0,-7.01,23.45,67.0,95.0,48.0,3.02,1553459742.0
mackay,au,2159220.0,-21.15,149.2,73.15,94.0,40.0,4.7,1553459712.0
kurumkan,ru,2021188.0,54.33,110.32,-15.35,39.0,0.0,1.9,1553459743.0
duku,ng,2344415.0,11.24,4.91,81.67,34.0,8.0,6.15,1553459743.0
hofn,is,2630299.0,64.25,-15.21,38.92,98.0,0.0,8.16,1553459744.0
ipueiras,br,3392742.0,-6.66,-37.55,77.17,90.0,36.0,2.68,1553459744.0
weihe,cn,7372400.0,32.99,105.33,30.64,89.0,0.0,1.9,1553459745.0
kongwa,tz,156493.0,-6.19,36.41,67.18,67.0,0.0,5.03,1553459745.0
tagusao,ph,1684245.0,9.19,117.81,75.19,97.0,0.0,4.92,1553459745.0
daru,pg,2098329.0,-9.07,143.21,78.52,100.0,80.0,9.06,1553459746.0
nome,us,4732862.0,30.04,-94.42,75.29,64.0,90.0,9.17,1553459708.0
sitka,us,4267710.0,37.17,-99.65,62.01,53.0,0.0,11.99,1553459419.0
kapit,my,1737185.0,2.02,112.94,72.58,96.0,20.0,0.89,1553459747.0
adrar,dz,2508813.0,27.87,-0.29,73.4,18.0,0.0,8.05,1553457600.0
baykit,ru,1510689.0,61.68,96.39,17.41,83.0,88.0,2.8,1553459748.0
liverpool,ca,6057856.0,44.04,-64.71,48.0,47.0,0.0,11.99,1553459526.0
verkhnevilyuysk,ru,2013639.0,63.45,120.31,2.74,65.0,44.0,4.14,1553459748.0
wladyslawowo,pl,3081752.0,54.79,18.4,37.15,74.0,0.0,8.05,1553459657.0
sobolevo,ru,525426.0,54.43,31.9,31.18,62.0,0.0,9.73,1553459749.0
alyangula,au,2079582.0,-13.85,136.42,84.2,83.0,40.0,9.17,1553457600.0
guerrero,mx,3524374.0,19.43,-97.69,74.38,26.0,24.0,3.02,1553459750.0
santa rosa,ar,3835994.0,-36.62,-64.29,71.32,35.0,80.0,8.95,1553459751.0
shingu,jp,1847947.0,33.72,135.99,51.43,100.0,0.0,5.7,1553459751.0
niceville,us,4165995.0,30.52,-86.48,72.3,35.0,1.0,9.17,1553459749.0
biltine,td,244878.0,14.53,20.93,79.42,23.0,0.0,9.51,1553459752.0
motegi,jp,2111827.0,36.52,140.19,36.79,59.0,75.0,5.82,1553459592.0
sisimiut,gl,3419842.0,66.94,-53.67,12.19,80.0,56.0,4.14,1553459753.0
mahajanga,mg,1062663.0,-15.72,46.32,80.6,83.0,20.0,2.24,1553457600.0
dingle,ie,2964782.0,52.14,-10.27,48.2,76.0,90.0,5.82,1553455800.0
arenapolis,br,3471551.0,-14.45,-56.85,85.54,73.0,68.0,3.36,1553459754.0
kalemie,cd,214974.0,-5.95,29.2,74.65,100.0,0.0,2.57,1553459754.0
cap-aux-meules,ca,5915327.0,47.38,-61.86,35.6,59.0,75.0,23.04,1553457600.0
kununurra,au,2068110.0,-15.77,128.74,78.8,83.0,0.0,3.36,1553458800.0
aleksandrovskoye,ru,1511846.0,56.74,85.39,29.97,82.0,0.0,4.47,1553459720.0
priargunsk,ru,2017646.0,50.37,119.09,15.97,43.0,0.0,14.2,1553459756.0
ilheus,br,3461408.0,-14.79,-39.05,79.57,88.0,75.0,1.12,1553457600.0
sinnamary,gf,3380290.0,5.38,-52.96,80.59,92.0,76.0,12.19,1553459757.0
inhambane,mz,1045114.0,-23.87,35.38,77.0,83.0,20.0,7.94,1553454000.0
soure,br,3387204.0,-0.72,-48.52,80.14,90.0,76.0,7.49,1553459757.0
cidreira,br,3466165.0,-30.17,-50.22,78.34,62.0,8.0,11.74,1553459758.0
takaka,nz,2181997.0,-40.86,172.81,67.35,90.0,32.0,4.0,1553459650.0
lima,pe,3936456.0,-12.06,-77.04,75.4,65.0,0.0,11.41,1553459528.0
saint-joseph,re,6690296.0,-21.37,55.62,77.13,74.0,40.0,2.24,1553459757.0
lakatoro,vu,2136697.0,-16.11,167.42,79.42,96.0,32.0,8.5,1553459759.0
mino,jp,1857062.0,35.54,136.91,35.01,76.0,0.0,2.13,1553459532.0
constitucion,mx,4011743.0,23.99,-104.67,77.49,7.0,5.0,10.29,1553459417.0
filadelfia,py,3867291.0,-22.35,-60.04,83.92,72.0,36.0,4.7,1553459760.0
bien hoa,vn,1587923.0,10.95,106.82,82.4,78.0,40.0,11.41,1553457600.0
madang,pg,2091996.0,-5.21,145.81,74.38,100.0,76.0,1.12,1553459761.0
gberia fotombu,sl,2409019.0,9.88,-11.17,84.91,48.0,80.0,4.14,1553459761.0
petropavlovsk-kamchatskiy,ru,2122104.0,53.05,158.65,19.4,100.0,36.0,2.24,1553457600.0
shakawe,bw,933077.0,-18.36,21.84,75.28,40.0,0.0,7.72,1553459762.0
panara,in,1260600.0,22.07,78.55,59.44,65.0,0.0,2.91,1553459762.0
penzance,gb,2640377.0,50.12,-5.53,44.74,75.0,0.0,6.93,1553459586.0
ewo,cg,2260009.0,-0.88,14.81,74.65,88.0,56.0,5.59,1553459763.0
camacha,pt,2270385.0,33.08,-16.33,63.63,77.0,40.0,20.8,1553457600.0
urman,ru,478699.0,54.88,56.87,28.39,81.0,24.0,4.59,1553459764.0
port augusta,au,2063056.0,-32.49,137.76,58.15,76.0,90.0,6.93,1553459366.0
shelburne,ca,6145890.0,44.08,-80.2,45.82,56.0,20.0,6.93,1553459764.0
acapulco,mx,3533462.0,16.86,-99.88,86.0,70.0,5.0,8.05,1553456880.0
pitea,se,603570.0,65.32,21.48,34.9,51.0,0.0,11.41,1553459532.0
ous,ru,1495812.0,60.91,61.52,31.45,91.0,20.0,4.14,1553459765.0
toora-khem,ru,1489401.0,52.47,96.11,20.47,84.0,76.0,2.57,1553459766.0
ugoofaaru,mv,1337619.0,5.67,73.0,83.56,100.0,0.0,11.3,1553459766.0
villa del rosario,ve,3628966.0,10.32,-72.31,79.15,63.0,68.0,5.48,1553459766.0
kyren,ru,2021031.0,51.68,102.13,11.65,78.0,12.0,2.57,1553459767.0
cortez,us,5418104.0,37.35,-108.58,49.96,37.0,75.0,14.99,1553459649.0
bathsheba,bb,3374083.0,13.22,-59.52,78.8,78.0,75.0,25.28,1553457600.0
zabalj,rs,784068.0,45.37,20.06,50.63,36.0,0.0,3.36,1553459524.0
kirkwall,gb,2645198.0,58.98,-2.96,43.14,75.0,40.0,27.51,1553459727.0
imbituba,br,3461370.0,-28.24,-48.67,82.4,65.0,40.0,6.93,1553457600.0
port hardy,ca,6111862.0,50.7,-127.42,46.4,75.0,20.0,5.82,1553457600.0
salta,ar,3838233.0,-24.79,-65.41,79.2,50.0,40.0,6.93,1553457600.0
passo de camaragibe,br,3388341.0,-9.24,-35.49,84.2,70.0,40.0,14.99,1553457600.0
ust-maya,ru,2013918.0,60.42,134.54,-7.52,59.0,20.0,3.58,1553459770.0
kandi,bj,2393693.0,11.13,2.93,82.66,26.0,48.0,6.93,1553459770.0
suntar,ru,2015913.0,62.16,117.65,3.28,73.0,64.0,2.68,1553459770.0
hartford,us,4835797.0,41.76,-72.69,53.22,19.0,1.0,8.05,1553459662.0
hay river,ca,5972762.0,60.82,-115.79,41.0,48.0,40.0,10.29,1553457600.0
jacmel,ht,3723779.0,18.24,-72.54,86.0,55.0,20.0,16.11,1553459716.0
bemidji,us,5017822.0,47.48,-94.89,35.69,59.0,90.0,10.29,1553459503.0
dhidhdhoo,mv,1337612.0,6.88,73.1,83.83,100.0,0.0,9.73,1553459772.0
andenes,no,3163146.0,69.31,16.12,32.0,100.0,75.0,23.04,1553458800.0
paraiso,mx,4011743.0,24.01,-104.61,77.5,7.0,5.0,10.29,1553459417.0
fairbanks,us,5861897.0,64.84,-147.72,43.59,55.0,40.0,4.7,1553459722.0
deputatskiy,ru,2028164.0,69.3,139.9,-29.03,43.0,8.0,4.92,1553459774.0
henties bay,na,3356832.0,-22.12,14.28,63.0,86.0,80.0,5.01,1553457726.0
sibu,my,1735902.0,2.29,111.83,75.04,88.0,75.0,1.12,1553457600.0
myitkyina,mm,1307741.0,25.38,97.4,61.15,83.0,0.0,2.35,1553459774.0
ialibu,pg,2095925.0,-6.28,143.99,55.48,97.0,100.0,1.9,1553459775.0
iqaluit,ca,5983720.0,63.75,-68.52,6.39,55.0,40.0,4.7,1553459565.0
gasa,bt,1252578.0,27.91,89.73,-13.28,33.0,0.0,0.67,1553459775.0
takoradi,gh,2294915.0,4.89,-1.75,83.11,95.0,44.0,9.06,1553459627.0
dunedin,nz,2191562.0,-45.87,170.5,63.0,91.0,92.0,8.28,1553459725.0
san cristobal,ec,3652567.0,-1.02,-79.44,66.37,100.0,92.0,2.68,1553459776.0
pirovskoye,ru,1494941.0,57.63,92.27,17.05,73.0,12.0,4.14,1553459777.0
banda aceh,id,1215502.0,5.56,95.32,75.37,98.0,64.0,1.68,1553459777.0
sassandra,ci,2281951.0,4.95,-6.09,83.92,95.0,20.0,12.41,1553459777.0
gore,et,335943.0,8.15,35.53,68.08,67.0,64.0,1.34,1553459608.0
sioux lookout,ca,6148373.0,50.1,-91.92,24.8,25.0,5.0,4.7,1553457600.0
khatanga,ru,2022572.0,71.98,102.47,4.72,69.0,80.0,10.29,1553459778.0
vega de alatorre,mx,3514843.0,20.03,-96.65,80.05,71.0,0.0,3.91,1553459778.0
bambanglipuro,id,1650434.0,-7.95,110.28,71.14,98.0,56.0,2.68,1553459779.0
chhatak,bd,1185254.0,25.03,91.67,54.67,83.0,0.0,2.91,1553459779.0
makubetsu,jp,2128815.0,42.84,143.34,26.05,83.0,0.0,8.61,1553459780.0
cayenne,gf,3382160.0,4.94,-52.33,80.6,78.0,92.0,6.93,1553457600.0
banjar,id,1650233.0,-7.37,108.54,72.58,99.0,92.0,1.12,1553459780.0
dodge city,us,5445298.0,37.75,-100.02,60.17,48.0,20.0,12.75,1553459496.0
catio,gw,2373526.0,11.28,-15.25,81.94,53.0,88.0,9.17,1553459781.0
mulege,mx,3995236.0,26.88,-111.98,79.6,25.0,0.0,5.14,1553459781.0
ust-nera,ru,2120048.0,64.57,143.24,-10.58,78.0,56.0,2.13,1553459782.0
opuwo,na,3354077.0,-18.06,13.84,69.97,54.0,24.0,1.12,1553459703.0
straumen,no,3135728.0,63.87,11.3,32.7,90.0,75.0,2.24,1553459715.0
guane,cu,3557758.0,22.2,-84.09,74.74,90.0,36.0,5.93,1553459783.0
linden,gy,3377408.0,6.01,-58.31,86.0,62.0,75.0,16.11,1553457600.0
mandalgovi,mn,2030065.0,45.76,106.27,14.08,72.0,0.0,2.91,1553459784.0
hambantota,lk,1244926.0,6.12,81.12,79.24,100.0,0.0,8.72,1553459784.0
porbandar,in,1259395.0,21.64,69.61,75.01,65.0,8.0,11.18,1553459550.0
yenotayevka,ru,467479.0,47.24,47.04,32.8,87.0,8.0,12.3,1553459784.0
iberia,pe,3938531.0,-11.41,-69.49,83.56,75.0,20.0,2.91,1553459785.0
clyde river,ca,5924351.0,70.47,-68.59,-11.21,76.0,75.0,32.21,1553457600.0
hami,cn,1529484.0,42.84,93.51,31.9,52.0,0.0,1.57,1553459554.0
aklavik,ca,5882953.0,68.22,-135.01,24.4,54.0,40.0,4.7,1553457600.0
gravdal,no,3147822.0,59.79,5.78,36.01,86.0,40.0,4.7,1553459763.0
ordu,tr,741100.0,40.98,37.88,41.0,75.0,75.0,4.7,1553457000.0
sao gabriel da cachoeira,br,3662342.0,-0.13,-67.09,87.8,66.0,20.0,4.7,1553457600.0
rockport,us,4723422.0,28.02,-97.05,76.33,78.0,90.0,11.41,1553459720.0
vardo,no,777019.0,70.37,31.11,30.11,100.0,75.0,18.34,1553457000.0
fallon,us,5681948.0,46.84,-105.12,39.2,86.0,90.0,13.87,1553457360.0
isangel,vu,2136825.0,-19.55,169.27,80.32,100.0,68.0,19.91,1553459646.0
burley,us,5587385.0,42.54,-113.79,43.43,75.0,90.0,13.87,1553457180.0
muros,es,3115824.0,42.77,-9.06,54.73,47.0,0.0,8.05,1553459703.0
naze,jp,1855540.0,28.37,129.48,61.15,100.0,8.0,2.13,1553459789.0
mildura,au,2157698.0,-34.18,142.16,62.28,67.0,40.0,10.29,1553459465.0
anan,jp,1865309.0,33.91,134.64,37.89,80.0,75.0,11.41,1553459521.0
novovarshavka,ru,1496633.0,54.17,74.7,27.22,90.0,80.0,3.8,1553459790.0
ambulu,id,1621313.0,-8.35,113.61,76.9,100.0,68.0,2.13,1553459790.0
ixtapa,mx,4004293.0,20.71,-105.21,80.8,61.0,5.0,13.87,1553459704.0
karsun,ru,552133.0,54.2,46.98,30.55,95.0,92.0,3.24,1553459791.0
fonte boa,br,3664207.0,-2.51,-66.09,85.0,79.0,36.0,2.13,1553459791.0
san carlos de bariloche,ar,7647007.0,-41.13,-71.31,69.8,18.0,0.0,4.7,1553457600.0
khandagayty,ru,1503796.0,50.73,92.05,14.98,58.0,56.0,2.13,1553459792.0
luanda,ao,2240449.0,-8.83,13.24,78.8,74.0,75.0,11.41,1553457600.0
kitimat,ca,5993072.0,54.02,-128.69,50.0,53.0,20.0,8.05,1553457600.0
patu,br,3392862.0,-6.1,-37.64,78.34,85.0,68.0,2.57,1553459793.0
saint-ambroise,ca,6137381.0,48.56,-71.32,22.78,67.0,20.0,18.34,1553459589.0
chimbote,pe,3698304.0,-9.08,-78.59,73.48,80.0,32.0,4.81,1553459794.0
jalu,ly,86049.0,29.03,21.55,62.5,52.0,0.0,12.97,1553459794.0
bilibino,ru,2126682.0,68.06,166.44,2.65,62.0,8.0,6.04,1553459794.0
la palma,pa,3707058.0,8.4,-78.14,91.48,51.0,32.0,10.74,1553459795.0
mairena del alcor,es,2514288.0,37.37,-5.75,60.51,51.0,0.0,4.7,1553459500.0
batagay,ru,2027044.0,67.65,134.64,-21.02,29.0,8.0,2.91,1553459795.0
kindberg,at,2774437.0,47.51,15.45,49.91,66.0,0.0,9.17,1553459525.0
ponta delgada,pt,3372783.0,37.73,-25.67,56.86,77.0,20.0,8.05,1553459755.0
mogadishu,so,53654.0,2.04,45.34,83.11,97.0,64.0,12.64,1553459797.0
comodoro rivadavia,ar,3860443.0,-45.87,-67.48,62.6,72.0,40.0,11.41,1553457600.0
sabha,ly,2212775.0,27.03,14.43,55.66,54.0,24.0,6.38,1553459708.0
san lorenzo,bo,3907080.0,-17.53,-65.92,82.4,28.0,75.0,8.05,1553457600.0
palmas,br,3474574.0,-10.18,-48.33,86.0,66.0,20.0,2.24,1553457600.0
vaitape,pf,4033077.0,-16.52,-151.75,85.18,96.0,68.0,12.97,1553459799.0
kamina,cd,214614.0,-8.74,25.0,69.16,95.0,68.0,6.15,1553459800.0
borculo,nl,2758626.0,52.11,6.52,41.92,69.0,0.0,5.82,1553459787.0
samarai,pg,2132606.0,-10.62,150.67,79.87,100.0,88.0,15.66,1553459800.0
mackenzie,ca,6063191.0,55.34,-123.09,39.2,80.0,20.0,6.93,1553457600.0
rosarito,mx,3980161.0,27.04,-109.91,84.58,12.0,5.0,6.93,1553459656.0
lar,ir,133595.0,27.66,54.32,60.8,93.0,0.0,16.11,1553457600.0
anloga,gh,2304548.0,5.79,0.9,84.2,83.0,20.0,11.41,1553457600.0
olga,ru,2018553.0,43.74,135.29,29.65,81.0,0.0,4.36,1553459802.0
vostok,ru,2013279.0,46.45,135.83,25.51,96.0,88.0,2.13,1553459802.0
weyburn,ca,6179652.0,49.67,-103.85,32.0,63.0,32.0,10.0,1553459469.0
angoche,mz,1052944.0,-16.23,39.91,82.12,100.0,32.0,12.08,1553459803.0
kilindoni,tz,157429.0,-7.91,39.67,83.11,100.0,8.0,6.71,1553459803.0
puerto escondido,mx,3520994.0,15.86,-97.07,84.2,70.0,20.0,11.41,1553456700.0
rudnyy,ru,2017377.0,44.28,134.96,28.3,88.0,8.0,4.92,1553459804.0
minab,ir,123941.0,27.15,57.07,66.2,68.0,0.0,1.12,1553457600.0
kirando,tz,157107.0,-7.37,30.62,72.94,100.0,8.0,4.36,1553459805.0
corinto,ni,3620269.0,12.48,-87.17,94.18,34.0,12.0,5.82,1553459805.0
mbeya,tz,154380.0,-8.91,33.47,59.35,88.0,48.0,2.13,1553459806.0
chichli,in,1274267.0,22.83,78.82,65.56,47.0,0.0,4.81,1553459769.0
tazovskiy,ru,1489853.0,67.47,78.7,20.92,88.0,32.0,15.55,1553459806.0
hervey bay,au,2146219.0,-25.3,152.85,72.05,94.0,76.0,5.14,1553459708.0
